user_id,category,avg_rating,rating_std,rating_min,rating_max,pct_1_star,pct_2_star,pct_3_star,pct_4_star,pct_5_star,review_count,generosity_score,first_person_ratio,second_person_ratio,third_person_ratio,pos_word_ratio,neg_word_ratio,certainty_ratio,hedge_ratio,exclamation_ratio,question_ratio,vocab_richness,avg_sentence_length,avg_review_length,avg_token_count,ocean_O,ocean_C,ocean_E,ocean_A,ocean_N
9832 ks,apps,5.0,0.0,5,5,0.0,0.0,0.0,0.0,1.0,2,1.0,0.018867924528301886,0.03773584905660377,0.0,0.03773584905660377,0.0,0.0,0.0,0.0,0.0,0.4056603773584906,13.25,267.0,53.0,0.2236,0.51,0.1258,0.717,0.0
A Google user,apps,3.2443,1.5985,1,5,0.229,0.145,0.1221,0.1603,0.3435,131,0.5611,0.048586822951129593,0.016731260043482372,0.006711409395973154,0.011437754041024671,0.005009925323754608,0.012950184327441158,0.007278570753379336,0.010114377540410247,0.0017960109651195765,0.496,12.916971916971917,432.9389312977099,80.7557251908397,0.3121,0.3577,0.1144,0.5273,0.4211
Abigail,apps,1.0,0.0,1,1,1.0,0.0,0.0,0.0,0.0,2,0.0,0.07017543859649122,0.0,0.0,0.005847953216374269,0.017543859649122806,0.011695906432748537,0.0,0.0,0.0,0.6257309941520468,14.25,450.0,85.5,0.3511,0.6378,0.0097,0.3119,0.3626
Abraham Moses,apps,2.0,0.0,2,2,0.0,1.0,0.0,0.0,0.0,2,0.25,0.023255813953488372,0.0,0.0,0.0,0.046511627906976744,0.023255813953488372,0.0,0.0,0.0,0.4069767441860465,43.0,237.0,43.0,0.2073,0.5154,0.0,0.3391,0.3275
Abubakar Adamu Daura,apps,5.0,0.0,5,5,0.0,0.0,0.0,0.0,1.0,2,1.0,0.0,0.0,0.0,0.0,0.0,0.0,0.0,0.0,0.0,1.0,4.5,34.5,4.5,0.3408,0.3483,0.0,0.6667,0.0
Abubakar Aliyu,apps,1.0,0.0,1,1,1.0,0.0,0.0,0.0,0.0,2,0.0,0.056338028169014086,0.014084507042253521,0.0,0.0,0.014084507042253521,0.0,0.0,0.014084507042253521,0.0,0.29577464788732394,11.833333333333334,386.0,71.0,0.2169,0.57,0.1174,0.3099,0.3568
Adam Schuleman,apps,1.0,0.0,1,1,1.0,0.0,0.0,0.0,0.0,2,0.0,0.021052631578947368,0.031578947368421054,0.010526315789473684,0.010526315789473684,0.0,0.031578947368421054,0.0,0.010526315789473684,0.0,0.35789473684210527,13.571428571428571,500.0,95.0,0.2776,0.7026,0.1404,0.3474,0.3333
Ademola Emmanuel,apps,1.0,0.0,1,1,1.0,0.0,0.0,0.0,0.0,2,0.0,0.034482758620689655,0.034482758620689655,0.0,0.0,0.034482758620689655,0.0,0.0,0.0,0.0,0.4482758620689655,5.8,164.0,29.0,0.1978,0.43,0.0575,0.2759,0.3908
Adrian,apps,4.5,0.7071,4,5,0.0,0.0,0.0,0.5,0.5,2,0.875,0.07228915662650602,0.012048192771084338,0.012048192771084338,0.024096385542168676,0.0,0.012048192771084338,0.0,0.0,0.0,0.7228915662650602,10.375,219.0,41.5,0.3101,0.3739,0.0602,0.6571,0.1595
Akanni Godspraise,apps,1.0,0.0,1,1,1.0,0.0,0.0,0.0,0.0,2,0.0,0.05263157894736842,0.05263157894736842,0.0,0.0,0.0,0.0,0.0,0.0,0.0,0.4473684210526316,6.333333333333333,92.0,19.0,0.1808,0.3967,0.0877,0.3333,0.3333
Akin Smith,apps,1.0,0.0,1,1,1.0,0.0,0.0,0.0,0.0,2,0.0,0.03508771929824561,0.0,0.0,0.0,0.0,0.0,0.0,0.017543859649122806,0.0,0.3508771929824561,11.4,299.0,57.0,0.212,0.5233,0.117,0.3333,0.3333
Alan,apps,3.0,2.8284,1,5,0.5,0.0,0.0,0.0,0.5,2,0.5,0.02702702702702703,0.013513513513513514,0.013513513513513514,0.02702702702702703,0.013513513513513514,0.013513513513513514,0.0,0.04054054054054054,0.0,0.7837837837837838,12.333333333333334,212.5,37.0,0.3229,0.1459,0.3378,0.5135,0.5225
Aleep Aiman,apps,5.0,0.0,5,5,0.0,0.0,0.0,0.0,1.0,4,1.0,0.0,0.0,0.0,0.05714285714285714,0.0,0.0,0.0,0.0,0.0,0.8857142857142857,7.0,62.0,8.75,0.3098,0.3625,0.0952,0.7429,0.0
Alexander,apps,3.5,0.7071,3,4,0.0,0.0,0.5,0.5,0.0,2,0.625,0.06206896551724138,0.013793103448275862,0.0,0.013793103448275862,0.006896551724137931,0.013793103448275862,0.0,0.027586206896551724,0.006896551724137931,0.6137931034482759,16.11111111111111,382.0,72.5,0.3254,0.4801,0.2299,0.5486,0.2543
Alexander Oyedeji,apps,1.0,0.0,1,1,1.0,0.0,0.0,0.0,0.0,2,0.0,0.0875,0.0125,0.0,0.0,0.0625,0.0,0.0125,0.0,0.0,0.3375,13.333333333333334,397.0,80.0,0.2667,0.6,0.0208,0.2292,0.4375
Anakinskywalker137,apps,1.0,0.0,1,1,1.0,0.0,0.0,0.0,0.0,2,0.0,0.03333333333333333,0.016666666666666666,0.03333333333333333,0.016666666666666666,0.0,0.016666666666666666,0.016666666666666666,0.0,0.0,0.39166666666666666,12.0,335.0,60.0,0.2583,0.5611,0.0556,0.3556,0.3333
Anastasia Shterenberg,apps,5.0,0.0,5,5,0.0,0.0,0.0,0.0,1.0,2,1.0,0.0,0.0,0.0,0.05555555555555555,0.0,0.0,0.0,0.05555555555555555,0.0,0.4722222222222222,18.0,78.0,18.0,0.1874,0.3933,0.4259,0.7407,0.0
Andrew,apps,1.0,0.0,1,1,1.0,0.0,0.0,0.0,0.0,2,0.0,0.0,0.012987012987012988,0.0,0.012987012987012988,0.05194805194805195,0.0,0.0,0.0,0.0,0.7532467532467533,8.555555555555555,209.0,38.5,0.3152,0.4617,0.0433,0.2641,0.4199
Andrew Schmitt,apps,4.0,0.0,4,4,0.0,0.0,0.0,1.0,0.0,2,0.75,0.10714285714285714,0.07142857142857142,0.0,0.07142857142857142,0.0,0.0,0.03571428571428571,0.0,0.0,0.4107142857142857,9.333333333333334,129.0,28.0,0.2431,0.4267,0.2381,0.6786,0.0833
Anthony,apps,1.8,1.7889,1,5,0.8,0.0,0.0,0.0,0.2,5,0.2,0.019933554817275746,0.016611295681063124,0.029900332225913623,0.006644518272425249,0.0,0.006644518272425249,0.0,0.026578073089700997,0.009966777408637873,0.5980066445182725,13.681818181818182,312.0,60.2,0.2997,0.2469,0.2159,0.4089,0.5648
Ariyo Nifemi,apps,1.0,0.0,1,1,1.0,0.0,0.0,0.0,0.0,2,0.0,0.0967741935483871,0.0,0.0,0.03225806451612903,0.03225806451612903,0.0,0.0,0.0,0.0,0.41935483870967744,31.0,166.0,31.0,0.1915,0.4367,0.0538,0.3226,0.3871
Armando Rodriguez,apps,1.0,0.0,1,1,1.0,0.0,0.0,0.0,0.0,2,0.0,0.056074766355140186,0.018691588785046728,0.009345794392523364,0.009345794392523364,0.009345794392523364,0.018691588785046728,0.0,0.018691588785046728,0.0,0.616822429906542,10.7,263.0,53.5,0.2948,0.5428,0.1713,0.3302,0.3489
Ashley Mac Donald,apps,1.0,0.0,1,1,1.0,0.0,0.0,0.0,0.0,2,0.0,0.027777777777777776,0.022222222222222223,0.016666666666666666,0.005555555555555556,0.005555555555555556,0.022222222222222223,0.0,0.0,0.0,0.6444444444444445,16.363636363636363,495.5,90.0,0.3648,0.6704,0.0463,0.3315,0.3426
Austin,apps,3.5,0.7071,3,4,0.0,0.0,0.5,0.5,0.0,2,0.625,0.023076923076923078,0.0,0.0,0.015384615384615385,0.0,0.007692307692307693,0.007692307692307693,0.0,0.0,0.7153846153846154,16.25,369.5,65.0,0.3596,0.445,0.0256,0.5622,0.2429
Ayishat Abiola,apps,2.0,0.0,2,2,0.0,1.0,0.0,0.0,0.0,2,0.25,0.0,0.0,0.0,0.0,0.0,0.02857142857142857,0.0,0.0,0.0,0.37142857142857144,11.666666666666666,178.0,35.0,0.1821,0.4976,0.0,0.4167,0.25
Ayomide Lawal,apps,1.0,0.0,1,1,1.0,0.0,0.0,0.0,0.0,2,0.0,0.06060606060606061,0.0,0.0,0.0,0.0,0.0,0.0,0.0,0.0,0.4696969696969697,16.5,166.0,33.0,0.2116,0.4433,0.0,0.3333,0.3333
Baba Muhammed,apps,3.0,2.8284,1,5,0.5,0.0,0.0,0.0,0.5,2,0.5,0.07476635514018691,0.018691588785046728,0.028037383177570093,0.018691588785046728,0.0,0.009345794392523364,0.0,0.0,0.0,0.719626168224299,15.285714285714286,280.0,53.5,0.329,0.1939,0.0623,0.5249,0.5
Bart,apps,1.0,0.0,1,1,1.0,0.0,0.0,0.0,0.0,2,0.0,0.04225352112676056,0.0,0.028169014084507043,0.014084507042253521,0.0,0.0,0.0,0.0,0.0,0.4295774647887324,35.5,408.0,71.0,0.2615,0.57,0.0235,0.3521,0.3333
Brendan Hartnoll,apps,1.0,0.0,1,1,1.0,0.0,0.0,0.0,0.0,2,0.0,0.0,0.0,0.0,0.0,0.017543859649122806,0.0,0.0,0.0,0.0,0.8421052631578947,14.25,161.5,28.5,0.3282,0.4283,0.0,0.3041,0.3626
Cheyenne,apps,3.0,0.0,3,3,0.0,0.0,1.0,0.0,0.0,2,0.5,0.07692307692307693,0.0,0.038461538461538464,0.038461538461538464,0.0,0.0,0.0,0.0,0.0,0.46153846153846156,8.666666666666666,128.0,26.0,0.1972,0.42,0.0641,0.5513,0.1667
Chris,apps,1.6667,0.5774,1,2,0.3333,0.6667,0.0,0.0,0.0,3,0.1667,0.059907834101382486,0.004608294930875576,0.013824884792626729,0.009216589861751152,0.009216589861751152,0.013824884792626729,0.004608294930875576,0.0,0.013824884792626729,0.631336405529954,13.5625,381.0,72.33333333333333,0.3387,0.5013,0.023,0.3858,0.3894
Chris Reese,apps,3.0,0.0,3,3,0.0,0.0,1.0,0.0,0.0,2,0.5,0.021052631578947368,0.031578947368421054,0.010526315789473684,0.010526315789473684,0.0,0.010526315789473684,0.010526315789473684,0.0,0.0,0.3684210526315789,13.571428571428571,475.0,95.0,0.2987,0.6675,0.0702,0.514,0.1667
Connor,apps,5.0,0.0,5,5,0.0,0.0,0.0,0.0,1.0,2,1.0,0.046511627906976744,0.0,0.011627906976744186,0.023255813953488372,0.023255813953488372,0.011627906976744186,0.023255813953488372,0.0,0.0,0.36627906976744184,14.333333333333334,437.0,86.0,0.3042,0.6394,0.0388,0.6589,0.0388
Daniel,apps,1.0,0.0,1,1,1.0,0.0,0.0,0.0,0.0,3,0.0,0.08032128514056225,0.004016064257028112,0.008032128514056224,0.004016064257028112,0.004016064257028112,0.004016064257028112,0.01606425702811245,0.004016064257028112,0.0,0.5823293172690763,13.833333333333334,438.0,83.0,0.3592,0.6167,0.0402,0.332,0.34
David,apps,1.5,0.7071,1,2,0.5,0.5,0.0,0.0,0.0,2,0.125,0.07058823529411765,0.0,0.023529411764705882,0.0,0.023529411764705882,0.023529411764705882,0.0,0.0,0.011764705882352941,0.8117647058823529,8.5,236.5,42.5,0.3414,0.3964,0.0,0.3358,0.4487
David Brentwood,apps,1.0,0.0,1,1,1.0,0.0,0.0,0.0,0.0,2,0.0,0.10810810810810811,0.0,0.0,0.0,0.0,0.02702702702702703,0.02702702702702703,0.0,0.0,0.4189189189189189,37.0,182.0,37.0,0.2464,0.5017,0.0,0.3333,0.3333
Dawn B,apps,1.0,0.0,1,1,1.0,0.0,0.0,0.0,0.0,2,0.0,0.04736842105263158,0.005263157894736842,0.010526315789473684,0.0,0.005263157894736842,0.021052631578947368,0.005263157894736842,0.0,0.015789473684210527,0.6473684210526316,11.176470588235293,490.5,95.0,0.3829,0.6851,0.0088,0.3246,0.3421
Deklan Ashton,apps,4.0,0.0,4,4,0.0,0.0,0.0,1.0,0.0,2,0.75,0.0,0.01098901098901099,0.02197802197802198,0.03296703296703297,0.02197802197802198,0.04395604395604396,0.0,0.02197802197802198,0.0,0.32967032967032966,22.75,495.0,91.0,0.2616,0.7099,0.2198,0.5907,0.12
Derick M. Billy,apps,4.0,0.0,4,4,0.0,0.0,0.0,1.0,0.0,2,0.75,0.041666666666666664,0.020833333333333332,0.0,0.020833333333333332,0.020833333333333332,0.0625,0.020833333333333332,0.0,0.0,0.4166666666666667,24.0,257.0,48.0,0.2536,0.5975,0.0694,0.5764,0.1181
Doug Osgood,apps,2.0,1.4142,1,3,0.5,0.0,0.5,0.0,0.0,2,0.25,0.016129032258064516,0.03225806451612903,0.0,0.005376344086021506,0.016129032258064516,0.010752688172043012,0.010752688172043012,0.0,0.0,0.6505376344086021,15.5,493.5,93.0,0.3898,0.4256,0.0627,0.397,0.5126
Doğan,apps,1.0,0.0,1,1,1.0,0.0,0.0,0.0,0.0,2,0.0,0.03225806451612903,0.0,0.03225806451612903,0.0,0.0,0.0,0.0,0.0,0.0,0.46774193548387094,10.333333333333334,191.0,31.0,0.2076,0.4367,0.0,0.3333,0.3333
Dylan Cox,apps,3.0,0.0,3,3,0.0,0.0,1.0,0.0,0.0,2,0.5,0.08053691275167785,0.0,0.0,0.006711409395973154,0.006711409395973154,0.013422818791946308,0.006711409395973154,0.0,0.0,0.6241610738255033,11.461538461538462,384.5,74.5,0.3434,0.604,0.0112,0.4978,0.1779
Ehan Azhar,apps,5.0,0.0,5,5,0.0,0.0,0.0,0.0,1.0,2,1.0,0.11538461538461539,0.0,0.0,0.038461538461538464,0.0,0.038461538461538464,0.0,0.0,0.0,0.4230769230769231,26.0,129.0,26.0,0.1844,0.4841,0.0641,0.7179,0.0
Ejue Godgift Wubong (Expensive),apps,4.0,0.0,4,4,0.0,0.0,0.0,1.0,0.0,2,0.75,0.040229885057471264,0.017241379310344827,0.005747126436781609,0.011494252873563218,0.005747126436781609,0.005747126436781609,0.011494252873563218,0.0,0.0,0.7471264367816092,34.8,496.0,87.0,0.4132,0.6329,0.0479,0.5891,0.0929
Eli Ratledge,apps,1.0,0.0,1,1,1.0,0.0,0.0,0.0,0.0,2,0.0,0.0,0.045454545454545456,0.0,0.0,0.0,0.0,0.0,0.0,0.0,0.36363636363636365,11.0,224.0,44.0,0.1945,0.48,0.0758,0.3333,0.3333
Emmanuel Benjamin,apps,1.0,0.0,1,1,1.0,0.0,0.0,0.0,0.0,2,0.0,0.08108108108108109,0.0,0.0,0.0,0.02702702702702703,0.0,0.0,0.0,0.02702702702702703,0.4594594594594595,12.333333333333334,200.0,37.0,0.2148,0.4567,0.0,0.2883,0.3784
Emmanuel Chiemela Philemon,apps,1.0,0.0,1,1,1.0,0.0,0.0,0.0,0.0,2,0.0,0.0,0.0,0.0,0.0,0.0,0.04,0.0,0.0,0.0,0.48,8.333333333333334,152.0,25.0,0.2017,0.4833,0.0,0.3333,0.3333
Eniola,apps,3.0,2.8284,1,5,0.5,0.0,0.0,0.0,0.5,2,0.5,0.04065040650406504,0.024390243902439025,0.0,0.016260162601626018,0.008130081300813009,0.0,0.0,0.11382113821138211,0.008130081300813009,0.5853658536585366,15.375,348.5,61.5,0.2976,0.205,0.4011,0.5081,0.5136
Erik Bang-Birge,apps,1.0,0.0,1,1,1.0,0.0,0.0,0.0,0.0,2,0.0,0.0,0.041666666666666664,0.041666666666666664,0.0,0.0,0.020833333333333332,0.0,0.0,0.0,0.4479166666666667,9.6,304.0,48.0,0.2293,0.5281,0.0694,0.3333,0.3333
Erin Schwenke,apps,3.0,1.4142,2,4,0.0,0.5,0.0,0.5,0.0,2,0.5,0.058823529411764705,0.0,0.0,0.006535947712418301,0.0,0.0,0.0,0.0,0.006535947712418301,0.6078431372549019,13.909090909090908,387.5,76.5,0.3301,0.3526,0.0109,0.5087,0.4024
Erny Uche,apps,4.0,0.0,4,4,0.0,0.0,0.0,1.0,0.0,2,0.75,0.0,0.05660377358490566,0.0,0.018867924528301886,0.0,0.0,0.0,0.0,0.0,0.36792452830188677,17.666666666666668,287.0,53.0,0.211,0.51,0.1258,0.6085,0.0833
Eva Marie Leger,apps,5.0,0.0,5,5,0.0,0.0,0.0,0.0,1.0,2,1.0,0.0989010989010989,0.01098901098901099,0.0,0.0,0.0,0.03296703296703297,0.0,0.03296703296703297,0.0,0.37362637362637363,13.0,453.0,91.0,0.2762,0.6916,0.2381,0.6667,0.0
Falade blessing Israel,apps,1.0,0.0,1,1,1.0,0.0,0.0,0.0,0.0,2,0.0,0.029411764705882353,0.0,0.029411764705882353,0.014705882352941176,0.029411764705882353,0.014705882352941176,0.0,0.0,0.0,0.375,68.0,343.0,68.0,0.2383,0.5845,0.0245,0.3039,0.3824
Fara Armila,apps,5.0,0.0,5,5,0.0,0.0,0.0,0.0,1.0,4,1.0,0.125,0.013888888888888888,0.0,0.06944444444444445,0.0,0.013888888888888888,0.0,0.0,0.0,0.6111111111111112,12.0,95.75,18.0,0.2337,0.4165,0.1389,0.7593,0.0
Florence Chioma,apps,5.0,0.0,5,5,0.0,0.0,0.0,0.0,1.0,2,1.0,0.05263157894736842,0.0,0.0,0.05263157894736842,0.0,0.0,0.0,0.0,0.0,0.47368421052631576,9.5,104.0,19.0,0.1896,0.3967,0.0877,0.7368,0.0
Friday Ozoude,apps,4.0,0.0,4,4,0.0,0.0,0.0,1.0,0.0,2,0.75,0.0,0.0,0.0,0.07692307692307693,0.0,0.0,0.0,0.0,0.0,0.5,13.0,71.0,13.0,0.1883,0.3767,0.1282,0.6859,0.0833
Gamer Opt,apps,5.0,0.0,5,5,0.0,0.0,0.0,0.0,1.0,2,1.0,0.03333333333333333,0.0,0.0,0.1,0.0,0.0,0.0,0.0,0.0,0.8333333333333334,15.0,86.0,15.0,0.3028,0.3833,0.1667,0.8,0.0
Garrett,apps,2.3333,2.3094,1,5,0.6667,0.0,0.0,0.0,0.3333,3,0.3333,0.045454545454545456,0.004132231404958678,0.012396694214876033,0.012396694214876033,0.0,0.008264462809917356,0.0,0.0,0.0,0.6570247933884298,14.235294117647058,439.3333333333333,80.66666666666667,0.3535,0.2827,0.0275,0.461,0.5556
Goldfish Kid,apps,1.0,0.0,1,1,1.0,0.0,0.0,0.0,0.0,2,0.0,0.05454545454545454,0.01818181818181818,0.0,0.0,0.0,0.0,0.0,0.01818181818181818,0.03636363636363636,0.35454545454545455,13.75,275.0,55.0,0.2098,0.5167,0.1515,0.3333,0.3333
Honey,apps,5.0,0.0,5,5,0.0,0.0,0.0,0.0,1.0,2,1.0,0.0,0.0,0.0,0.05263157894736842,0.0,0.10526315789473684,0.0,0.0,0.0,0.8421052631578947,9.5,50.5,9.5,0.2965,0.5404,0.0877,0.7368,0.0
Idemudia Harmony,apps,1.0,0.0,1,1,1.0,0.0,0.0,0.0,0.0,2,0.0,0.0,0.01639344262295082,0.0,0.0,0.01639344262295082,0.01639344262295082,0.0,0.0,0.0,0.39344262295081966,20.333333333333332,338.0,61.0,0.2328,0.564,0.0273,0.306,0.3607
Ioannis Kiaraklidis,apps,2.0,0.0,2,2,0.0,1.0,0.0,0.0,0.0,2,0.25,0.0,0.061224489795918366,0.0,0.02040816326530612,0.0,0.0,0.0,0.0,0.0,0.37755102040816324,49.0,255.0,49.0,0.2075,0.4967,0.1361,0.4439,0.25
Ipindogan Loveth Eniola,apps,1.0,0.0,1,1,1.0,0.0,0.0,0.0,0.0,2,0.0,0.06976744186046512,0.0,0.0,0.0,0.046511627906976744,0.0,0.0,0.0,0.0,0.4186046511627907,21.5,236.0,43.0,0.2112,0.4767,0.0,0.2558,0.4109
J P Sank,apps,1.0,0.0,1,1,1.0,0.0,0.0,0.0,0.0,2,0.0,0.046511627906976744,0.011627906976744186,0.011627906976744186,0.011627906976744186,0.0,0.0,0.0,0.023255813953488372,0.023255813953488372,0.4127906976744186,17.2,466.0,86.0,0.2809,0.62,0.1938,0.3488,0.3333
J3n L,apps,5.0,0.0,5,5,0.0,0.0,0.0,0.0,1.0,2,1.0,0.05405405405405406,0.013513513513513514,0.013513513513513514,0.08108108108108109,0.0,0.0,0.0,0.0,0.0,0.4189189189189189,12.333333333333334,407.0,74.0,0.263,0.58,0.1577,0.7748,0.0
Jade,apps,2.0,1.4142,1,3,0.5,0.0,0.5,0.0,0.0,2,0.25,0.06944444444444445,0.0,0.020833333333333332,0.020833333333333332,0.013888888888888888,0.020833333333333332,0.0,0.027777777777777776,0.0,0.7569444444444444,10.285714285714286,423.0,72.0,0.3723,0.3724,0.2199,0.4213,0.5088
Jak Dax,apps,1.0,0.0,1,1,1.0,0.0,0.0,0.0,0.0,2,0.0,0.15384615384615385,0.0,0.0,0.0,0.0,0.0,0.0,0.0,0.0,0.46153846153846156,8.666666666666666,129.0,26.0,0.1972,0.42,0.0,0.3333,0.3333
James,apps,3.0,2.3094,1,5,0.5,0.0,0.0,0.0,0.5,4,0.5,0.05232558139534884,0.011627906976744186,0.0,0.01744186046511628,0.0,0.029069767441860465,0.0,0.011627906976744186,0.0,0.686046511627907,13.23076923076923,233.0,43.0,0.3003,0.1918,0.126,0.5233,0.5
Jayne de Catte,apps,1.5,0.7071,1,2,0.5,0.5,0.0,0.0,0.0,2,0.125,0.01948051948051948,0.012987012987012988,0.006493506493506494,0.006493506493506494,0.0,0.025974025974025976,0.01948051948051948,0.0,0.0,0.6688311688311688,25.666666666666668,398.0,77.0,0.3837,0.5154,0.0325,0.3837,0.4095
Jen Sullivan,apps,2.0,0.0,2,2,0.0,1.0,0.0,0.0,0.0,2,0.25,0.06060606060606061,0.0,0.0,0.0,0.015151515151515152,0.015151515151515152,0.0,0.0,0.0,0.3712121212121212,13.2,368.0,66.0,0.2337,0.5786,0.0,0.3914,0.2753
Jeremy,apps,1.0,0.0,1,1,1.0,0.0,0.0,0.0,0.0,2,0.0,0.046610169491525424,0.012711864406779662,0.00847457627118644,0.00847457627118644,0.0,0.01694915254237288,0.00847457627118644,0.0,0.0,0.6059322033898306,13.882352941176471,631.0,118.0,0.4128,0.6949,0.0353,0.3446,0.3333
Jerren Vegas,apps,4.0,0.0,4,4,0.0,0.0,0.0,1.0,0.0,2,0.75,0.02197802197802198,0.0,0.0,0.0,0.01098901098901099,0.0,0.02197802197802198,0.0,0.0,0.3626373626373626,91.0,500.0,91.0,0.3092,0.6367,0.0,0.565,0.1016
Jestina Suda,apps,5.0,0.0,5,5,0.0,0.0,0.0,0.0,1.0,3,1.0,0.0,0.0,0.0,0.03571428571428571,0.0,0.0,0.0,0.03571428571428571,0.0,0.8571428571428571,9.333333333333334,73.0,9.333333333333334,0.3013,0.3644,0.2976,0.7143,0.0
Jesujuwon Oyebode,apps,1.0,0.0,1,1,1.0,0.0,0.0,0.0,0.0,2,0.0,0.060240963855421686,0.012048192771084338,0.0,0.0,0.024096385542168676,0.024096385542168676,0.0,0.0,0.0,0.3795180722891566,16.6,468.0,83.0,0.2648,0.6502,0.0201,0.2932,0.3735
Jewel Jack,apps,1.0,0.0,1,1,1.0,0.0,0.0,0.0,0.0,2,0.0,0.028985507246376812,0.043478260869565216,0.0,0.014492753623188406,0.0,0.043478260869565216,0.0,0.0,0.0,0.39855072463768115,8.625,377.0,69.0,0.2479,0.6358,0.0966,0.3527,0.3333
Joe,apps,1.0,0.0,1,1,1.0,0.0,0.0,0.0,0.0,2,0.0,0.10112359550561797,0.0,0.011235955056179775,0.0,0.0,0.011235955056179775,0.0,0.0,0.0,0.7528089887640449,11.125,227.5,44.5,0.3251,0.5004,0.0,0.3333,0.3333
Joe G.,apps,3.0,2.8284,1,5,0.5,0.0,0.0,0.0,0.5,2,0.5,0.02857142857142857,0.03571428571428571,0.02142857142857143,0.0,0.0,0.02857142857142857,0.007142857142857143,0.0,0.0,0.7642857142857142,20.0,399.5,70.0,0.3833,0.281,0.0595,0.5,0.5
Jonathan Thamert,apps,5.0,0.0,5,5,0.0,0.0,0.0,0.0,1.0,2,1.0,0.0,0.05263157894736842,0.0,0.0,0.0,0.0,0.10526315789473684,0.0,0.05263157894736842,0.5,9.5,127.0,19.0,0.3738,0.3967,0.0877,0.6667,0.0
Jose Torres,apps,3.0,0.0,3,3,0.0,0.0,1.0,0.0,0.0,2,0.5,0.0,0.04054054054054054,0.0,0.0,0.0,0.0,0.04054054054054054,0.0,0.0,0.34459459459459457,74.0,382.0,74.0,0.3058,0.58,0.0676,0.5,0.1667
Joy,apps,5.0,0.0,5,5,0.0,0.0,0.0,0.0,1.0,2,1.0,0.045454545454545456,0.0,0.0,0.0,0.0,0.0,0.0,0.0,0.0,0.3409090909090909,22.0,89.0,22.0,0.1503,0.4067,0.0,0.6667,0.0
Julius Erometse,apps,4.0,0.0,4,4,0.0,0.0,0.0,1.0,0.0,2,0.75,0.0,0.0,0.0,0.05263157894736842,0.0,0.0,0.0,0.0,0.0,0.5,6.333333333333333,130.0,19.0,0.1983,0.3967,0.0877,0.6535,0.0833
Justin,apps,3.0,2.8284,1,5,0.5,0.0,0.0,0.0,0.5,2,0.5,0.03125,0.0,0.020833333333333332,0.010416666666666666,0.020833333333333332,0.03125,0.0,0.0,0.0,0.75,13.714285714285714,269.5,48.0,0.33,0.2121,0.0174,0.4792,0.5347
K S,apps,4.0,0.0,4,4,0.0,0.0,0.0,1.0,0.0,2,0.75,0.08387096774193549,0.0,0.0,0.012903225806451613,0.0,0.012903225806451613,0.0064516129032258064,0.0064516129032258064,0.0,0.7032258064516129,19.375,423.0,77.5,0.3743,0.6132,0.0645,0.6005,0.0833
Kanti Patel2,apps,5.0,0.0,5,5,0.0,0.0,0.0,0.0,1.0,2,1.0,0.025974025974025976,0.0,0.012987012987012988,0.012987012987012988,0.0,0.012987012987012988,0.012987012987012988,0.0,0.0,0.4155844155844156,19.25,453.0,77.0,0.2885,0.6116,0.0216,0.684,0.0
Keekee,apps,3.0,0.0,3,3,0.0,0.0,1.0,0.0,0.0,2,0.5,0.02531645569620253,0.012658227848101266,0.0,0.0,0.02531645569620253,0.012658227848101266,0.012658227848101266,0.0,0.0,0.3924050632911392,15.8,498.0,79.0,0.2836,0.6178,0.0211,0.4578,0.2089
Kundan Kumar,apps,3.0,2.8284,1,5,0.5,0.0,0.0,0.0,0.5,2,0.5,0.07894736842105263,0.02631578947368421,0.0,0.02631578947368421,0.02631578947368421,0.0,0.0,0.0,0.0,0.7368421052631579,12.666666666666666,83.5,19.0,0.2773,0.0633,0.0877,0.4912,0.5439
Kunle Awolowo,apps,1.0,0.0,1,1,1.0,0.0,0.0,0.0,0.0,2,0.0,0.08333333333333333,0.0,0.0,0.0,0.0,0.020833333333333332,0.0,0.0,0.0,0.375,16.0,234.0,48.0,0.205,0.5281,0.0,0.3333,0.3333
Leo,apps,2.0,1.4142,1,3,0.5,0.0,0.5,0.0,0.0,2,0.25,0.02459016393442623,0.02459016393442623,0.0,0.00819672131147541,0.0,0.00819672131147541,0.0,0.03278688524590164,0.0,0.7213114754098361,20.333333333333332,324.0,61.0,0.3421,0.3146,0.2732,0.4276,0.4857
M,apps,1.0,0.0,1,1,1.0,0.0,0.0,0.0,0.0,2,0.0,0.024691358024691357,0.012345679012345678,0.037037037037037035,0.0,0.006172839506172839,0.012345679012345678,0.012345679012345678,0.0,0.018518518518518517,0.7469135802469136,10.125,466.0,81.0,0.4045,0.6239,0.0206,0.323,0.3436
MBETOBONG NKANTA,apps,1.0,0.0,1,1,1.0,0.0,0.0,0.0,0.0,2,0.0,0.06818181818181818,0.011363636363636364,0.0,0.0,0.0,0.07954545454545454,0.011363636363636364,0.0,0.022727272727272728,0.38636363636363635,17.6,493.0,88.0,0.2944,0.7592,0.0189,0.3333,0.3333
MD Chivester Creative Hub,apps,5.0,0.0,5,5,0.0,0.0,0.0,0.0,1.0,2,1.0,0.07142857142857142,0.0,0.03571428571428571,0.03571428571428571,0.0,0.0,0.0,0.0,0.0,0.4642857142857143,7.0,163.0,28.0,0.2014,0.4267,0.0595,0.7143,0.0
Magnus R.F.,apps,3.0,0.0,3,3,0.0,0.0,1.0,0.0,0.0,2,0.5,0.01694915254237288,0.06779661016949153,0.0,0.01694915254237288,0.0,0.05084745762711865,0.0,0.0,0.0,0.3813559322033898,19.666666666666668,280.0,59.0,0.2255,0.6147,0.1412,0.5226,0.1667
Mason Addington,apps,5.0,0.0,5,5,0.0,0.0,0.0,0.0,1.0,2,1.0,0.0,0.0,0.0,0.0,0.0,0.05555555555555555,0.0,0.1111111111111111,0.0,0.5,6.0,100.0,18.0,0.1967,0.4859,0.3333,0.6667,0.0
Matthew Oluwanishola,apps,3.0,0.0,3,3,0.0,0.0,1.0,0.0,0.0,2,0.5,0.0,0.0,0.0,0.023809523809523808,0.0,0.0,0.0,0.0,0.0,0.35714285714285715,21.0,231.0,42.0,0.189,0.4733,0.0397,0.5317,0.1667
Max,apps,2.0,1.4142,1,3,0.5,0.0,0.5,0.0,0.0,2,0.25,0.026785714285714284,0.026785714285714284,0.0,0.0,0.0,0.017857142857142856,0.017857142857142856,0.0,0.0,0.7142857142857143,9.333333333333334,295.0,56.0,0.3612,0.3141,0.0446,0.4167,0.4857
Me,apps,1.5,0.7071,1,2,0.5,0.5,0.0,0.0,0.0,2,0.125,0.007407407407407408,0.007407407407407408,0.0,0.0,0.0,0.0,0.007407407407407408,0.0,0.007407407407407408,0.7481481481481481,10.384615384615385,365.5,67.5,0.3742,0.4405,0.0123,0.375,0.4095
"Mendoza,Patricia Nicole Luistro",apps,5.0,0.0,5,5,0.0,0.0,0.0,0.0,1.0,6,1.0,0.012195121951219513,0.0,0.0,0.054878048780487805,0.0,0.006097560975609756,0.006097560975609756,0.0,0.0,0.6646341463414634,9.11111111111111,179.66666666666666,27.333333333333332,0.2773,0.4346,0.0915,0.7398,0.0
Mercy Dagana,apps,4.0,0.0,4,4,0.0,0.0,0.0,1.0,0.0,2,0.75,0.04054054054054054,0.04054054054054054,0.013513513513513514,0.02702702702702703,0.0,0.0,0.013513513513513514,0.0,0.0,0.3783783783783784,18.5,377.0,74.0,0.272,0.58,0.1126,0.6194,0.0833
Michael,apps,2.0,0.0,2,2,0.0,1.0,0.0,0.0,0.0,2,0.25,0.047619047619047616,0.009523809523809525,0.009523809523809525,0.009523809523809525,0.0,0.01904761904761905,0.009523809523809525,0.009523809523809525,0.01904761904761905,0.7047619047619048,13.125,272.0,52.5,0.3383,0.5401,0.0952,0.4294,0.25
Michael Dunbar,apps,1.0,0.0,1,1,1.0,0.0,0.0,0.0,0.0,2,0.0,0.06474820143884892,0.014388489208633094,0.0,0.007194244604316547,0.007194244604316547,0.014388489208633094,0.0,0.0,0.0,0.697841726618705,17.375,387.5,69.5,0.3484,0.589,0.036,0.3309,0.3453
Michael Macaulay,apps,4.0,0.0,4,4,0.0,0.0,0.0,1.0,0.0,2,0.75,0.0,0.0,0.0,0.0,0.0,0.0,0.034482758620689655,0.0,0.0,0.43103448275862066,7.25,184.0,29.0,0.2495,0.43,0.0,0.5833,0.0833
Mike,apps,1.0,0.0,1,1,1.0,0.0,0.0,0.0,0.0,2,0.0,0.0,0.03125,0.0,0.0,0.0,0.01875,0.0,0.00625,0.0,0.6375,16.0,439.5,80.0,0.3458,0.6312,0.0938,0.3333,0.3333
Ministry of Livestock Development and Fisheries,apps,1.0,0.0,1,1,1.0,0.0,0.0,0.0,0.0,2,0.0,0.05,0.016666666666666666,0.0,0.0,0.06666666666666667,0.016666666666666666,0.0,0.016666666666666666,0.0,0.4,10.0,315.0,60.0,0.2333,0.5611,0.1389,0.2222,0.4444
Misha Cheban,apps,1.0,0.0,1,1,1.0,0.0,0.0,0.0,0.0,2,0.0,0.017857142857142856,0.0,0.0,0.0,0.0,0.0,0.017857142857142856,0.03571428571428571,0.0,0.42857142857142855,18.666666666666668,312.0,56.0,0.266,0.52,0.2381,0.3333,0.3333
Munauwar Hussain,apps,3.0,2.8284,1,5,0.5,0.0,0.0,0.0,0.5,2,0.5,0.015037593984962405,0.007518796992481203,0.0,0.015037593984962405,0.007518796992481203,0.03007518796992481,0.0,0.0,0.0,0.6691729323308271,14.777777777777779,430.5,66.5,0.3339,0.2718,0.0376,0.5075,0.5125
My dad,apps,1.0,0.0,1,1,1.0,0.0,0.0,0.0,0.0,2,0.0,0.046875,0.046875,0.0,0.03125,0.015625,0.0,0.0,0.0,0.0,0.71875,12.8,169.0,32.0,0.2929,0.44,0.1302,0.349,0.3594
N The One,apps,1.0,0.0,1,1,1.0,0.0,0.0,0.0,0.0,2,0.0,0.015384615384615385,0.0,0.0,0.0,0.007692307692307693,0.015384615384615385,0.0,0.0,0.015384615384615385,0.7076923076923077,7.647058823529412,397.5,65.0,0.3442,0.5756,0.0,0.3205,0.3462
NOOR AMILA NISA,apps,5.0,0.0,5,5,0.0,0.0,0.0,0.0,1.0,4,1.0,0.0,0.0,0.0,0.021739130434782608,0.0,0.0,0.021739130434782608,0.0,0.0,0.8260869565217391,11.5,70.25,11.5,0.3308,0.3717,0.0362,0.6957,0.0
NOORHAZREEN AMRI,apps,5.0,0.0,5,5,0.0,0.0,0.0,0.0,1.0,3,1.0,0.0,0.0,0.0,0.0,0.0,0.03773584905660377,0.0,0.03773584905660377,0.0,0.8867924528301887,6.625,124.66666666666667,17.666666666666668,0.325,0.4551,0.2516,0.6667,0.0
Namelessness Incarnate,apps,4.0,0.0,4,4,0.0,0.0,0.0,1.0,0.0,2,0.75,0.056338028169014086,0.0,0.0,0.0,0.014084507042253521,0.028169014084507043,0.0,0.028169014084507043,0.0,0.323943661971831,11.833333333333334,364.0,71.0,0.2263,0.6169,0.1878,0.5599,0.1068
Nevaeh Ouellette,apps,4.0,0.0,4,4,0.0,0.0,0.0,1.0,0.0,2,0.75,0.07142857142857142,0.07142857142857142,0.0,0.0,0.0,0.0,0.0,0.0,0.0,0.6071428571428571,14.0,64.0,14.0,0.2257,0.38,0.119,0.5833,0.0833
Ngamer01,apps,3.0,0.0,3,3,0.0,0.0,1.0,0.0,0.0,2,0.5,0.05747126436781609,0.011494252873563218,0.0,0.0,0.0,0.022988505747126436,0.0,0.0,0.0,0.40229885057471265,14.5,490.0,87.0,0.2791,0.6616,0.0192,0.5,0.1667
Nini Bhs,apps,5.0,0.0,5,5,0.0,0.0,0.0,0.0,1.0,2,1.0,0.0,0.0,0.0,0.13043478260869565,0.0,0.043478260869565216,0.0,0.0,0.0,0.8695652173913043,5.75,69.5,11.5,0.309,0.4441,0.2174,0.8406,0.0
Njoku Chibuzo,apps,1.0,0.0,1,1,1.0,0.0,0.0,0.0,0.0,2,0.0,0.1,0.0,0.0,0.0,0.02857142857142857,0.0,0.0,0.0,0.0,0.32142857142857145,70.0,361.0,70.0,0.2238,0.5667,0.0,0.2857,0.381
Nnamdi Digwe,apps,1.0,0.0,1,1,1.0,0.0,0.0,0.0,0.0,2,0.0,0.04597701149425287,0.05747126436781609,0.0,0.0,0.022988505747126436,0.04597701149425287,0.0,0.022988505747126436,0.034482758620689655,0.3850574712643678,10.875,477.0,87.0,0.2734,0.7,0.249,0.295,0.3716
Obed Zino,apps,1.0,0.0,1,1,1.0,0.0,0.0,0.0,0.0,2,0.0,0.029411764705882353,0.058823529411764705,0.0,0.029411764705882353,0.0,0.0,0.029411764705882353,0.0,0.0,0.4264705882352941,34.0,190.0,34.0,0.2478,0.4467,0.1471,0.3725,0.3333
Ojuolape Gabriel Oke,apps,4.0,0.0,4,4,0.0,0.0,0.0,1.0,0.0,2,0.75,0.06976744186046512,0.0,0.0,0.0,0.0,0.0,0.0,0.0,0.0,0.43023255813953487,14.333333333333334,245.0,43.0,0.2151,0.4767,0.0,0.5833,0.0833
Okechi Osondu,apps,3.0,0.0,3,3,0.0,0.0,1.0,0.0,0.0,2,0.5,0.017543859649122806,0.017543859649122806,0.0,0.0,0.0,0.03508771929824561,0.0,0.0,0.0,0.38596491228070173,11.4,305.0,57.0,0.2237,0.5818,0.0292,0.5,0.1667
Oluwadamilola Oguntoye,apps,1.0,0.0,1,1,1.0,0.0,0.0,0.0,0.0,2,0.0,0.11538461538461539,0.0,0.0,0.0,0.01282051282051282,0.01282051282051282,0.02564102564102564,0.05128205128205128,0.01282051282051282,0.391025641025641,13.0,434.0,78.0,0.3031,0.6147,0.3333,0.312,0.3547
Oni Oyindamola,apps,5.0,0.0,5,5,0.0,0.0,0.0,0.0,1.0,2,1.0,0.023255813953488372,0.0,0.0,0.046511627906976744,0.023255813953488372,0.011627906976744186,0.0,0.011627906976744186,0.0,0.436046511627907,10.75,496.0,86.0,0.2887,0.6394,0.155,0.6899,0.0388
Onyeno Fortune,apps,2.0,0.0,2,2,0.0,1.0,0.0,0.0,0.0,2,0.25,0.041666666666666664,0.0,0.041666666666666664,0.0,0.0,0.0,0.0,0.0,0.0,0.4791666666666667,8.0,132.0,24.0,0.1997,0.4133,0.0,0.4167,0.25
Osborne Gold,apps,1.0,0.0,1,1,1.0,0.0,0.0,0.0,0.0,3,0.0,0.0,0.03007518796992481,0.022556390977443608,0.0,0.015037593984962405,0.022556390977443608,0.0,0.0,0.0,0.6090225563909775,22.166666666666668,240.66666666666666,44.333333333333336,0.2769,0.5187,0.0501,0.3083,0.3584
Oye Dorcas,apps,1.0,0.0,1,1,1.0,0.0,0.0,0.0,0.0,2,0.0,0.08333333333333333,0.0,0.0,0.0,0.03333333333333333,0.03333333333333333,0.0,0.0,0.016666666666666666,0.325,30.0,308.0,60.0,0.2083,0.5889,0.0,0.2778,0.3889
Pastor Julius-Jane Ifeanyichukwu,apps,5.0,0.0,5,5,0.0,0.0,0.0,0.0,1.0,2,1.0,0.07142857142857142,0.0,0.0,0.05357142857142857,0.0,0.0,0.0,0.0,0.0,0.38392857142857145,11.2,320.0,56.0,0.2213,0.52,0.0893,0.7381,0.0
Philip,apps,1.0,0.0,1,1,1.0,0.0,0.0,0.0,0.0,2,0.0,0.05027932960893855,0.0,0.0,0.01675977653631285,0.00558659217877095,0.00558659217877095,0.0111731843575419,0.00558659217877095,0.0,0.6927374301675978,16.272727272727273,487.5,89.5,0.3987,0.641,0.0652,0.3464,0.3426
Popoola Risikat,apps,1.0,0.0,1,1,1.0,0.0,0.0,0.0,0.0,2,0.0,0.0,0.0,0.0,0.0,0.029411764705882353,0.0,0.0,0.0,0.0,0.4264705882352941,17.0,169.0,34.0,0.1988,0.4467,0.0,0.2843,0.3824
Precious Amah,apps,1.0,0.0,1,1,1.0,0.0,0.0,0.0,0.0,2,0.0,0.060240963855421686,0.024096385542168676,0.0,0.012048192771084338,0.012048192771084338,0.0,0.0,0.0,0.0,0.37349397590361444,13.833333333333334,463.0,83.0,0.2628,0.61,0.0602,0.3293,0.3534
Raheem Aishat,apps,1.0,0.0,1,1,1.0,0.0,0.0,0.0,0.0,2,0.0,0.0,0.0625,0.0,0.0,0.125,0.0625,0.0,0.0,0.0,0.5,8.0,97.0,16.0,0.1933,0.4908,0.1042,0.125,0.5417
Rahul,apps,3.0,2.8284,1,5,0.5,0.0,0.0,0.0,0.5,2,0.5,0.13636363636363635,0.0,0.0,0.022727272727272728,0.0,0.06818181818181818,0.0,0.0,0.0,0.5454545454545454,22.0,99.5,22.0,0.2185,0.187,0.0379,0.5303,0.5
Rajesh Kumar,apps,5.0,0.0,5,5,0.0,0.0,0.0,0.0,1.0,2,1.0,0.0,0.0,0.0,0.0,0.1,0.0,0.0,0.0,0.0,1.0,5.0,33.0,5.0,0.3417,0.35,0.0,0.5,0.1667
Rch,apps,1.0,0.0,1,1,1.0,0.0,0.0,0.0,0.0,3,0.0,0.05217391304347826,0.0,0.05217391304347826,0.0,0.017391304347826087,0.0,0.0,0.017391304347826087,0.0,0.45217391304347826,11.5,213.33333333333334,38.333333333333336,0.2146,0.4611,0.1159,0.3043,0.3623
Rebecca,apps,1.5,0.7071,1,2,0.5,0.5,0.0,0.0,0.0,2,0.125,0.0449438202247191,0.016853932584269662,0.0,0.0056179775280898875,0.016853932584269662,0.033707865168539325,0.0,0.016853932584269662,0.0,0.6348314606741573,13.692307692307692,451.0,89.0,0.3599,0.5683,0.1498,0.3544,0.4376
Renee Mohan,apps,1.0,0.0,1,1,1.0,0.0,0.0,0.0,0.0,2,0.0,0.05555555555555555,0.018518518518518517,0.018518518518518517,0.018518518518518517,0.05555555555555555,0.018518518518518517,0.0,0.018518518518518517,0.018518518518518517,0.39814814814814814,7.714285714285714,288.0,54.0,0.2227,0.5442,0.1852,0.2654,0.4259
Robert MacGregor,apps,1.3333,0.5774,1,2,0.6667,0.3333,0.0,0.0,0.0,3,0.0833,0.05925925925925926,0.018518518518518517,0.007407407407407408,0.0,0.014814814814814815,0.025925925925925925,0.007407407407407408,0.0,0.007407407407407408,0.6444444444444445,11.73913043478261,468.6666666666667,90.0,0.3772,0.5803,0.0309,0.3364,0.4265
Rodney M Williams Jr,apps,4.0,0.0,4,4,0.0,0.0,0.0,1.0,0.0,2,0.75,0.0,0.0,0.0,0.043478260869565216,0.0,0.043478260869565216,0.0,0.043478260869565216,0.0,0.43478260869565216,7.666666666666667,111.0,23.0,0.1833,0.4825,0.3623,0.6413,0.0833
Rose,apps,3.0,2.8284,1,5,0.5,0.0,0.0,0.0,0.5,2,0.5,0.06315789473684211,0.010526315789473684,0.0,0.0,0.0,0.0,0.0,0.0,0.0,0.7052631578947368,7.916666666666667,258.0,47.5,0.3143,0.1583,0.0175,0.5,0.5
S Bala Nathan,apps,5.0,0.0,5,5,0.0,0.0,0.0,0.0,1.0,2,1.0,0.06666666666666667,0.0,0.0,0.06666666666666667,0.0,0.06666666666666667,0.0,0.0,0.0,0.5,7.5,64.0,15.0,0.1917,0.4944,0.1111,0.7556,0.0
Samihat Adeola,apps,1.0,0.0,1,1,1.0,0.0,0.0,0.0,0.0,2,0.0,0.07017543859649122,0.0,0.0,0.0,0.0,0.0,0.0,0.0,0.0,0.39473684210526316,19.0,318.0,57.0,0.2266,0.5233,0.0,0.3333,0.3333
Sarah Jones,apps,3.0,0.0,3,3,0.0,0.0,1.0,0.0,0.0,2,0.5,0.09523809523809523,0.0,0.023809523809523808,0.011904761904761904,0.011904761904761904,0.023809523809523808,0.011904761904761904,0.0,0.0,0.38095238095238093,16.8,495.0,84.0,0.2868,0.653,0.0198,0.496,0.1865
Shaheen Amber,apps,5.0,0.0,5,5,0.0,0.0,0.0,0.0,1.0,4,1.0,0.0,0.02857142857142857,0.0,0.0,0.0,0.0,0.0,0.0,0.0,0.7428571428571429,8.75,66.0,8.75,0.2622,0.3625,0.0476,0.6667,0.0
Shally Joyce,apps,1.0,0.0,1,1,1.0,0.0,0.0,0.0,0.0,2,0.0,0.07272727272727272,0.0,0.01818181818181818,0.0,0.01818181818181818,0.03636363636363636,0.0,0.0,0.01818181818181818,0.36363636363636365,13.75,273.0,55.0,0.2129,0.5773,0.0,0.303,0.3636
Sierra Walker,apps,1.5,0.7071,1,2,0.5,0.5,0.0,0.0,0.0,2,0.125,0.0379746835443038,0.0189873417721519,0.0,0.012658227848101266,0.006329113924050633,0.012658227848101266,0.012658227848101266,0.0,0.0,0.6772151898734177,22.571428571428573,419.0,79.0,0.3785,0.4999,0.0527,0.3813,0.4201
Silver G Laran,apps,1.0,0.0,1,1,1.0,0.0,0.0,0.0,0.0,2,0.0,0.0,0.1111111111111111,0.037037037037037035,0.0,0.05555555555555555,0.05555555555555555,0.0,0.0,0.0,0.3888888888888889,18.0,286.0,54.0,0.2196,0.6059,0.1852,0.2407,0.4259
Simeoné Ayi,apps,1.0,0.0,1,1,1.0,0.0,0.0,0.0,0.0,2,0.0,0.0,0.03571428571428571,0.0,0.0,0.023809523809523808,0.0,0.0,0.0,0.011904761904761904,0.3273809523809524,12.0,478.0,84.0,0.2491,0.6133,0.0595,0.2937,0.373
Snoopy Girl,apps,1.0,0.0,1,1,1.0,0.0,0.0,0.0,0.0,2,0.0,0.0,0.0,0.0,0.0,0.0,0.012195121951219513,0.0,0.0,0.0,0.3902439024390244,8.2,489.0,82.0,0.2667,0.627,0.0,0.3333,0.3333
Solitary Johnson,apps,5.0,0.0,5,5,0.0,0.0,0.0,0.0,1.0,2,1.0,0.1111111111111111,0.0,0.0,0.05555555555555555,0.0,0.0,0.0,0.05555555555555555,0.0,0.5,18.0,88.0,18.0,0.1967,0.3933,0.4259,0.7407,0.0
Sonia Olarewaju,apps,2.5,0.7071,2,3,0.0,0.5,0.5,0.0,0.0,2,0.375,0.058823529411764705,0.029411764705882353,0.0058823529411764705,0.0,0.0058823529411764705,0.011764705882352941,0.0,0.0058823529411764705,0.0,0.5588235294117647,24.285714285714285,437.0,85.0,0.3279,0.5184,0.0882,0.4485,0.336
Stacey Ellis,apps,2.0,0.0,2,2,0.0,1.0,0.0,0.0,0.0,2,0.25,0.05,0.016666666666666666,0.0,0.0,0.0,0.016666666666666666,0.016666666666666666,0.016666666666666666,0.016666666666666666,0.38333333333333336,20.0,329.0,60.0,0.2556,0.5611,0.1389,0.4167,0.25
Stephan Cho,apps,1.0,0.0,1,1,1.0,0.0,0.0,0.0,0.0,2,0.0,0.125,0.0,0.0,0.0,0.0,0.020833333333333332,0.0,0.0,0.0,0.375,16.0,246.0,48.0,0.205,0.5281,0.0,0.3333,0.3333
Stephanie,apps,1.3333,0.5774,1,2,0.6667,0.3333,0.0,0.0,0.0,3,0.0833,0.05789473684210526,0.005263157894736842,0.015789473684210527,0.010526315789473684,0.0,0.005263157894736842,0.010526315789473684,0.03684210526315789,0.0,0.631578947368421,14.615384615384615,344.3333333333333,63.333333333333336,0.3336,0.457,0.2719,0.3751,0.4018
Stuart Cormie,apps,1.5,0.7071,1,2,0.5,0.5,0.0,0.0,0.0,2,0.125,0.030120481927710843,0.0,0.006024096385542169,0.0,0.006024096385542169,0.012048192771084338,0.006024096385542169,0.006024096385542169,0.0,0.6987951807228916,16.6,468.5,83.0,0.3813,0.5122,0.0402,0.365,0.4196
Tasnuva Mahbub,apps,1.0,0.0,1,1,1.0,0.0,0.0,0.0,0.0,2,0.0,0.12987012987012986,0.0,0.0,0.0,0.0,0.03896103896103896,0.0,0.0,0.0,0.33766233766233766,12.833333333333334,393.0,77.0,0.2409,0.6549,0.0,0.3333,0.3333
Timo Laaksonlaita,apps,2.0,0.0,2,2,0.0,1.0,0.0,0.0,0.0,2,0.25,0.027777777777777776,0.0,0.0,0.013888888888888888,0.0,0.041666666666666664,0.027777777777777776,0.0,0.0,0.3888888888888889,24.0,390.0,72.0,0.2959,0.6428,0.0231,0.4352,0.25
Tom,apps,2.0,1.4142,1,3,0.5,0.0,0.5,0.0,0.0,2,0.25,0.04040404040404041,0.010101010101010102,0.010101010101010102,0.030303030303030304,0.020202020202020204,0.010101010101010102,0.0,0.010101010101010102,0.0,0.797979797979798,16.5,286.0,49.5,0.3485,0.2795,0.1347,0.4234,0.5194
Tracey Shelley Moore,apps,1.0,0.0,1,1,1.0,0.0,0.0,0.0,0.0,2,0.0,0.07228915662650602,0.0,0.0,0.03614457831325301,0.024096385542168676,0.03614457831325301,0.0,0.0,0.0,0.3614457831325301,11.857142857142858,445.0,83.0,0.2588,0.6702,0.0602,0.3414,0.3735
Uncle Nnaa,apps,1.0,0.0,1,1,1.0,0.0,0.0,0.0,0.0,2,0.0,0.0,0.0,0.0,0.0,0.0,0.0,0.0,0.0,0.0,0.47619047619047616,10.5,138.0,21.0,0.1937,0.4033,0.0,0.3333,0.3333
Valentine Wayne,apps,1.0,0.0,1,1,1.0,0.0,0.0,0.0,0.0,2,0.0,0.02857142857142857,0.0,0.0,0.0,0.0,0.0,0.0,0.0,0.0,0.4142857142857143,11.666666666666666,198.0,35.0,0.1964,0.45,0.0,0.3333,0.3333
Vincent Amaje,apps,5.0,0.0,5,5,0.0,0.0,0.0,0.0,1.0,2,1.0,0.12244897959183673,0.0,0.0,0.04081632653061224,0.0,0.02040816326530612,0.04081632653061224,0.0,0.0,0.40816326530612246,49.0,271.0,49.0,0.2857,0.5307,0.068,0.7211,0.0
XToriTwilightX,apps,1.0,0.0,1,1,1.0,0.0,0.0,0.0,0.0,2,0.0,0.05421686746987952,0.0,0.012048192771084338,0.0,0.006024096385542169,0.030120481927710843,0.0,0.024096385542168676,0.0,0.6325301204819277,15.090909090909092,421.5,83.0,0.3492,0.6602,0.1606,0.3233,0.3434
Ziad Eskharia,apps,2.0,0.0,2,2,0.0,1.0,0.0,0.0,0.0,2,0.25,0.0,0.02631578947368421,0.0,0.0,0.0,0.0,0.02631578947368421,0.0,0.0,0.39473684210526316,12.666666666666666,222.0,38.0,0.2388,0.46,0.0439,0.4167,0.25
aznie anastasia,apps,5.0,0.0,5,5,0.0,0.0,0.0,0.0,1.0,2,1.0,0.10714285714285714,0.0,0.0,0.0,0.0,0.0,0.0,0.0,0.0,0.8571428571428571,14.0,70.5,14.0,0.309,0.38,0.0,0.6667,0.0
dinez,apps,4.0,0.0,4,4,0.0,0.0,0.0,1.0,0.0,2,0.75,0.09090909090909091,0.0,0.0,0.045454545454545456,0.0,0.0,0.0,0.0,0.0,0.4090909090909091,14.666666666666666,240.0,44.0,0.2097,0.48,0.0758,0.6439,0.0833
gbeminiyi gbemisola,apps,5.0,0.0,5,5,0.0,0.0,0.0,0.0,1.0,2,1.0,0.05263157894736842,0.0,0.05263157894736842,0.15789473684210525,0.0,0.0,0.0,0.0,0.0,0.5,9.5,117.0,19.0,0.1983,0.3967,0.2632,0.8772,0.0
jeff,apps,1.0,0.0,1,1,1.0,0.0,0.0,0.0,0.0,2,0.0,0.0,0.0,0.10526315789473684,0.0,0.0,0.0,0.0,0.0,0.0,0.34210526315789475,9.5,101.0,19.0,0.1457,0.3967,0.0,0.3333,0.3333
jinwoo park,apps,4.0,0.0,4,4,0.0,0.0,0.0,1.0,0.0,2,0.75,0.0,0.0,0.0,0.018867924528301886,0.0,0.018867924528301886,0.0,0.0,0.0,0.4056603773584906,13.25,303.0,53.0,0.2236,0.5414,0.0314,0.6085,0.0833
krishan Zeno,apps,5.0,0.0,5,5,0.0,0.0,0.0,0.0,1.0,2,1.0,0.015873015873015872,0.0,0.0,0.015873015873015872,0.015873015873015872,0.015873015873015872,0.0,0.0,0.0,0.8571428571428571,10.5,211.0,31.5,0.3382,0.4648,0.0265,0.6614,0.0265
michael eki,apps,2.5,2.1213,1,4,0.5,0.0,0.0,0.5,0.0,2,0.375,0.0,0.0425531914893617,0.0,0.0425531914893617,0.02127659574468085,0.0,0.0,0.0,0.0,0.8723404255319149,6.714285714285714,129.5,23.5,0.3299,0.0783,0.1418,0.4796,0.5771
n. lilies,apps,5.0,0.0,5,5,0.0,0.0,0.0,0.0,1.0,3,1.0,0.0,0.0,0.0,0.08,0.0,0.0,0.0,0.0,0.0,0.84,8.333333333333334,58.0,8.333333333333334,0.2939,0.3611,0.1333,0.7733,0.0
nurul ain,apps,5.0,0.0,5,5,0.0,0.0,0.0,0.0,1.0,2,1.0,0.0,0.0,0.0,0.03125,0.0,0.0,0.0,0.0,0.0,0.875,16.0,106.5,16.0,0.3183,0.3867,0.0521,0.7083,0.0
ruben sandoval,apps,4.0,0.0,4,4,0.0,0.0,0.0,1.0,0.0,2,0.75,0.018518518518518517,0.0,0.018518518518518517,0.0,0.0,0.0,0.0,0.1111111111111111,0.1111111111111111,0.4074074074074074,13.5,290.0,54.0,0.2258,0.5133,0.3333,0.5833,0.0833
shany aiman,apps,5.0,0.0,5,5,0.0,0.0,0.0,0.0,1.0,5,1.0,0.0,0.009708737864077669,0.0,0.02912621359223301,0.0,0.0,0.009708737864077669,0.0,0.0,0.7184466019417476,6.866666666666666,136.2,20.6,0.29,0.402,0.0647,0.7055,0.0
smith asogun,apps,1.0,0.0,1,1,1.0,0.0,0.0,0.0,0.0,2,0.0,0.0,0.0,0.041666666666666664,0.0,0.0,0.0,0.0,0.0,0.0,0.4166666666666667,12.0,127.0,24.0,0.1789,0.4133,0.0,0.3333,0.3333
sunday Ezekiel,apps,1.0,0.0,1,1,1.0,0.0,0.0,0.0,0.0,2,0.0,0.08695652173913043,0.0,0.0,0.0,0.043478260869565216,0.0,0.0,0.0,0.0,0.41304347826086957,7.666666666666667,126.0,23.0,0.176,0.41,0.0,0.2609,0.4058
